<?xml version="1.0" encoding="UTF-8"?>
<configurationDescriptor version="90">
  <logicalFolder name="root" displayName="root" projectFiles="true" kind="ROOT">
    <logicalFolder name="HeaderFiles"
                   displayName="Header Files"
                   projectFiles="true">
    </logicalFolder>
    <logicalFolder name="ResourceFiles"
                   displayName="Resource Files"
                   projectFiles="true">
      <itemPath>C_CADRE.cpp</itemPath>
      <itemPath>C_CADRE.h</itemPath>
      <itemPath>C_CADRE.ui</itemPath>
    </logicalFolder>
    <logicalFolder name="SourceFiles"
                   displayName="Source Files"
                   projectFiles="true">
      <itemPath>../TP-EMETTEUR-UDP-BROADCAT/C_DATA.cpp</itemPath>
      <itemPath>../TP-EMETTEUR-UDP-BROADCAT/C_DATA.h</itemPath>
      <itemPath>../TP-EMETTEUR-UDP-BROADCAT/C_EMETTEUR_UDP.cpp</itemPath>
      <itemPath>../TP-EMETTEUR-UDP-BROADCAT/C_EMETTEUR_UDP.h</itemPath>
      <itemPath>../TP-EMETTEUR-UDP-BROADCAT/C_SECTION_CRITIQUE.cpp</itemPath>
      <itemPath>../TP-EMETTEUR-UDP-BROADCAT/C_SECTION_CRITIQUE.h</itemPath>
      <itemPath>../TP-EMETTEUR-UDP-BROADCAT/C_THREAD.cpp</itemPath>
      <itemPath>../TP-EMETTEUR-UDP-BROADCAT/C_THREAD.h</itemPath>
      <itemPath>TP-EMETTEUR-UDP-BROADCAT.cpp</itemPath>
    </logicalFolder>
    <logicalFolder name="TestFiles"
                   displayName="Test Files"
                   projectFiles="false"
                   kind="TEST_LOGICAL_FOLDER">
    </logicalFolder>
    <logicalFolder name="ExternalFiles"
                   displayName="Important Files"
                   projectFiles="false"
                   kind="IMPORTANT_FILES_FOLDER">
      <itemPath>Makefile</itemPath>
    </logicalFolder>
  </logicalFolder>
  <projectmakefile>Makefile</projectmakefile>
  <confs>
    <conf name="Debug" type="4">
      <toolsSet>
        <compilerSet>default</compilerSet>
        <dependencyChecking>true</dependencyChecking>
        <rebuildPropChanged>false</rebuildPropChanged>
      </toolsSet>
      <qt>
        <modules>core gui widgets</modules>
      </qt>
      <compileType>
        <ccTool>
          <incDir>
            <pElem>C:/Qwt-6.1.0/include</pElem>
          </incDir>
        </ccTool>
        <linkerTool>
          <linkerLibItems>
            <linkerLibLibItem>qwtd</linkerLibLibItem>
            <linkerLibLibItem>wsock32</linkerLibLibItem>
          </linkerLibItems>
        </linkerTool>
      </compileType>
      <item path="../TP-EMETTEUR-UDP-BROADCAT/C_DATA.cpp"
            ex="false"
            tool="1"
            flavor2="0">
      </item>
      <item path="../TP-EMETTEUR-UDP-BROADCAT/C_DATA.h"
            ex="false"
            tool="3"
            flavor2="0">
      </item>
      <item path="../TP-EMETTEUR-UDP-BROADCAT/C_EMETTEUR_UDP.cpp"
            ex="false"
            tool="1"
            flavor2="0">
      </item>
      <item path="../TP-EMETTEUR-UDP-BROADCAT/C_EMETTEUR_UDP.h"
            ex="false"
            tool="3"
            flavor2="0">
      </item>
      <item path="../TP-EMETTEUR-UDP-BROADCAT/C_SECTION_CRITIQUE.cpp"
            ex="false"
            tool="1"
            flavor2="0">
      </item>
      <item path="../TP-EMETTEUR-UDP-BROADCAT/C_SECTION_CRITIQUE.h"
            ex="false"
            tool="3"
            flavor2="0">
      </item>
      <item path="../TP-EMETTEUR-UDP-BROADCAT/C_THREAD.cpp"
            ex="false"
            tool="1"
            flavor2="0">
      </item>
      <item path="../TP-EMETTEUR-UDP-BROADCAT/C_THREAD.h"
            ex="false"
            tool="3"
            flavor2="0">
      </item>
      <item path="C_CADRE.cpp" ex="false" tool="1" flavor2="0">
      </item>
      <item path="C_CADRE.h" ex="false" tool="3" flavor2="0">
      </item>
      <item path="C_CADRE.ui" ex="false" tool="3" flavor2="0">
      </item>
      <item path="TP-EMETTEUR-UDP-BROADCAT.cpp" ex="false" tool="1" flavor2="0">
      </item>
    </conf>
    <conf name="Release" type="4">
      <toolsSet>
        <compilerSet>default</compilerSet>
        <dependencyChecking>true</dependencyChecking>
        <rebuildPropChanged>false</rebuildPropChanged>
      </toolsSet>
      <qt>
        <buildMode>1</buildMode>
        <modules>core gui widgets</modules>
      </qt>
      <compileType>
        <cTool>
          <developmentMode>5</developmentMode>
        </cTool>
        <ccTool>
          <developmentMode>5</developmentMode>
          <incDir>
            <pElem>C:/Qwt-6.1.0/include</pElem>
          </incDir>
        </ccTool>
        <fortranCompilerTool>
          <developmentMode>5</developmentMode>
        </fortranCompilerTool>
        <asmTool>
          <developmentMode>5</developmentMode>
        </asmTool>
        <linkerTool>
          <linkerLibItems>
            <linkerLibLibItem>qwt</linkerLibLibItem>
          </linkerLibItems>
        </linkerTool>
      </compileType>
      <item path="../TP-EMETTEUR-UDP-BROADCAT/C_DATA.cpp"
            ex="false"
            tool="1"
            flavor2="0">
      </item>
      <item path="../TP-EMETTEUR-UDP-BROADCAT/C_DATA.h"
            ex="false"
            tool="3"
            flavor2="0">
      </item>
      <item path="../TP-EMETTEUR-UDP-BROADCAT/C_EMETTEUR_UDP.cpp"
            ex="false"
            tool="1"
            flavor2="0">
      </item>
      <item path="../TP-EMETTEUR-UDP-BROADCAT/C_EMETTEUR_UDP.h"
            ex="false"
            tool="3"
            flavor2="0">
      </item>
      <item path="../TP-EMETTEUR-UDP-BROADCAT/C_SECTION_CRITIQUE.cpp"
            ex="false"
            tool="1"
            flavor2="0">
      </item>
      <item path="../TP-EMETTEUR-UDP-BROADCAT/C_SECTION_CRITIQUE.h"
            ex="false"
            tool="3"
            flavor2="0">
      </item>
      <item path="../TP-EMETTEUR-UDP-BROADCAT/C_THREAD.cpp"
            ex="false"
            tool="1"
            flavor2="0">
      </item>
      <item path="../TP-EMETTEUR-UDP-BROADCAT/C_THREAD.h"
            ex="false"
            tool="3"
            flavor2="0">
      </item>
      <item path="C_CADRE.cpp" ex="false" tool="1" flavor2="0">
      </item>
      <item path="C_CADRE.h" ex="false" tool="3" flavor2="0">
      </item>
      <item path="C_CADRE.ui" ex="false" tool="3" flavor2="0">
      </item>
      <item path="TP-EMETTEUR-UDP-BROADCAT.cpp" ex="false" tool="1" flavor2="0">
      </item>
    </conf>
  </confs>
</configurationDescriptor>
